,MD (m),Porosidade (frac),Permeab. Long. (mD),Cluster,Cluster 0,Cluster 1,Cluster 2,Cluster 3,Cluster 4,Cluster 5
0,5073.0,3.0,0.013,2,0.008446697974292188,1.6288875810834616e-05,99.81297576758516,0.17856123723955528,8.325173420138876e-09,0.0
1,5337.0,3.3000000000000003,0.005,2,0.01110310715630987,2.5120910675363678e-05,99.72809695651861,0.26077480496098904,1.0453391641927421e-08,0.0
2,5335.0,9.4,0.115,2,0.6037676062011488,0.023580957161741693,90.81284765669832,8.559803779938772,6.438981406736465e-18,0.0
3,5082.0,5.4,0.694,2,0.10133081113315102,0.0006518884824832072,95.04835382770885,4.849663469629643,3.0458725804415166e-09,0.0
4,5479.8,2.0,0.08,2,0.003276093171462019,3.6566441557215705e-06,99.951133360793,0.04558688771963454,1.671729441190098e-09,0.0
5,5523.8,0.8,0.0,2,0.0010688019524891556,6.056920374736232e-07,99.99214335160048,0.00678724070668001,4.830920934581116e-11,0.0
6,5079.0,4.8,0.003,2,0.03875511888971504,0.00018949063060119193,98.66154993608593,1.2995054489865872,5.4071814252287175e-09,0.0
7,5124.0,1.5,0.002,2,0.0021264785693577443,1.7982229763244063e-06,99.97656388536085,0.02130783735445565,4.923639070048656e-10,0.0
8,5145.0,4.9,6.63,3,0.8218317081620822,0.00353368534863659,5.376151154111293e-69,99.17463450802079,9.846848283763789e-08,0.0
9,5084.0,6.7,0.161,2,0.11795765452185521,0.0014274943132157644,95.68407439897685,4.1965404521615435,2.6560879993948247e-11,0.0
10,5133.0,9.6,104.0,1,47.49951841188748,52.50048158750702,0.0,2.969175229302665e-193,6.054866182797171e-10,0.0
11,5269.9,11.799999999999999,0.025,2,2.593486092909749,0.2542558506123726,90.36856136843707,6.783696688040795,4.175296501042151e-27,0.0
12,5684.0,1.7000000000000002,0.003,2,0.0025753136874615123,2.4371817557896377e-06,99.96839138699424,0.029030861286319272,8.502525772531533e-10,0.0
13,5727.4,4.1000000000000005,0.006,2,0.021893195712154437,7.51279523608624e-05,99.3304270286963,0.6476046370918949,1.0547277204677533e-08,0.0
14,5080.0,7.000000000000001,292.0,1,1.8693270830144514e-15,98.94618298449012,0.0,0.0,1.0538170155098514,0.0
15,5132.0,7.199999999999999,5.2,3,1.3333120897966404,0.01757658433135725,2.5237182692488775e-39,98.64911132583758,3.4430876037849755e-11,0.0
16,5156.0,9.4,86.1,0,81.40775136095965,18.59224863892461,0.0,3.073427747392943e-129,1.1574004621355245e-10,0.0
17,5260.8,13.600000000000001,0.223,2,2.6457995684181763,0.47535743057050456,95.67895476740766,1.1998882336036705,1.7349825712742137e-36,0.0
18,5097.0,14.000000000000002,388.0,1,2.622515445476111e-32,99.99999942122591,0.0,0.0,5.78774128176808e-07,0.0
19,5074.0,18.0,28.3,0,72.33240431742128,27.66759568257871,0.0,1.9877541853626835e-17,4.205348377750669e-62,0.0
20,5141.0,3.3000000000000003,10.5,3,1.8464773262024368,0.0032417803960204696,1.9700536412456883e-183,98.150279439965,1.4534365485584187e-06,0.0
21,5119.0,3.6999999999999997,0.0,2,0.015786041550828665,4.40641277349237e-05,99.56455587878482,0.4196140037919344,1.1744687122320995e-08,0.0
22,5144.0,3.9,0.024,2,0.01806375607613014,5.589263988896475e-05,99.46830028359958,0.5135800566001808,1.1084214864428617e-08,0.0
23,5086.0,5.7,0.256,2,0.05843449134725082,0.00044045245420299886,97.6097489069826,2.3313761485352527,6.807228709098664e-10,0.0
24,5093.0,5.7,14.5,3,30.273977034388665,0.1664719328777441,0.0,69.5595504877457,5.44987905026281e-07,0.0
25,5146.0,8.0,327.0,1,7.064271195348042e-21,97.3710775070807,0.0,0.0,2.6289224929193225,0.0
26,5131.0,8.5,42.1,0,97.95907299243203,2.0409270075203048,0.0,2.86763216362147e-25,4.7659081654540296e-11,0.0
27,5113.0,8.9,5.28,3,3.205458790574743,0.08792580895945605,1.7640731405840063e-39,96.70661540046581,2.4034482268785582e-15,0.0
28,5136.0,9.0,2.61,3,3.2742717269266057,0.10063505325813207,2.5919754383330097e-06,96.62509062783981,9.34652943463359e-16,0.0
29,5538.5,9.0,0.462,2,0.3589121476777895,0.011766321363981844,92.71689468020402,6.912426850754229,8.498214698274441e-17,0.0
30,5126.0,9.6,58.7,0,94.97692678018149,5.023073219818155,0.0,2.150991531886236e-56,3.444467244491605e-13,0.0
31,5107.0,10.100000000000001,0.795,2,0.8744578088093103,0.04420662588969466,89.22673344733641,9.854602117964555,2.881938474870946e-20,0.0
32,5114.0,11.799999999999999,146.0,1,0.26940952369312626,99.73059047630687,0.0,0.0,1.4522622017464875e-14,0.0
33,5135.0,11.899999999999999,186.0,1,0.00029444613739348116,99.99970555386086,0.0,0.0,1.735293015961908e-12,0.0
34,5379.0,12.0,0.744,2,1.2898023440066129,0.13268205672780167,95.33092108339481,3.2465945158707648,2.53107923390547e-28,0.0
35,5347.0,12.0,210.0,1,1.905797520976519e-06,99.99999809418154,0.0,0.0,2.0906395456362903e-11,0.0
36,5092.0,14.000000000000002,680.0,4,2.3838309365363098e-116,0.0001988318653317616,0.0,0.0,99.99980116813468,0.0
37,5155.0,33.900000000000006,318.0,5,2.6832574999922046e-42,1.906678161012359e-20,0.0,0.0,2.6015763543918537e-206,100.0
38,5123.0,2.0,0.0,2,0.0034320864475293434,3.840028471411434e-06,99.95101088235647,0.04555318940959111,1.7579296326611082e-09,0.0
39,5103.0,4.6,5.01,3,0.7700959664920314,0.002963636159670959,1.9136113980791795e-37,99.22694023052297,1.6682532174215165e-07,0.0
40,5111.0,5.7,57.9,0,99.04299411245125,0.9569816725015051,0.0,1.3599191842464137e-50,2.4215047231152814e-05,0.0
41,5115.0,7.6,2.78,3,1.7021964159152956,0.028604837250264966,3.7870560966358e-08,98.26919870895944,4.4558057229242805e-12,0.0
42,5125.0,7.7,7.61,3,2.572698770036667,0.03999044926860343,6.615103512819927e-90,97.38731078068949,5.244159651730729e-12,0.0
43,5088.0,8.0,20.6,0,98.52225716987772,1.4460112470704662,0.0,0.031731582952496756,9.929015155815933e-11,0.0
44,5122.0,8.200000000000001,62.9,0,96.52845038732148,3.4715496091135565,0.0,5.105556895803504e-64,3.5649748732430488e-09,0.0
45,5341.0,8.5,0.159,2,0.34073487212803083,0.009144395344070655,92.22084752436534,7.4292732081625585,2.7579551560065404e-15,0.0
46,5094.0,10.2,517.0,4,1.2309785843241043e-62,2.1611483912942138,0.0,0.0,97.8388516087058,0.0
47,5112.0,10.2,97.0,0,57.66045311726571,42.33954688273104,0.0,5.78497015593518e-168,3.232576254025141e-12,0.0
48,5127.0,11.3,153.0,1,0.111491854893193,99.88850814510467,0.0,0.0,2.1820964198642324e-12,0.0
49,5389.0,11.799999999999999,0.735,2,1.2164539431971952,0.11656940277117973,95.00405125735344,3.6629253966781787,2.1613115518873465e-27,0.0
50,5349.0,12.0,2.77,3,25.08547283016389,2.4260635995835997,3.614813868503487e-06,72.48845995543864,6.591157359683068e-27,0.0
51,5422.0,13.3,3.03,0,54.35131015952488,8.121078034008775,1.2022478423432318e-07,37.52761168624154,2.7921580510585756e-33,0.0
52,5387.0,13.3,3.37,0,55.14540639898377,8.158843133435997,9.356001936228936e-11,36.69575046748664,3.0016774534202572e-33,0.0
53,5128.0,13.5,17.8,0,89.42810208056446,10.571244697337184,0.0,0.0006532220983523112,5.125338037547e-33,0.0
54,5365.0,18.6,0.661,2,1.6710208854265969,1.1519504764025845,97.17657802178387,0.0004506163869846863,6.185597694776978e-72,0.0
55,5345.0,0.7000000000000001,0.0,2,0.0009666107566960188,5.169177199983633e-07,99.99331334082136,0.00571953147127237,3.291660490911084e-11,0.0
56,5091.0,1.2,0.0,2,0.001589624031031547,1.1337493112528231e-06,99.98520617428032,0.013203067742417153,1.9691950987309808e-10,0.0
57,5355.0,2.4,0.0,2,0.004981766777108,6.947766859049905e-06,99.91422461598933,0.08078666561711098,3.849585476441061e-09,0.0
58,5353.0,2.9000000000000004,0.104,2,0.007228888398286234,1.3176689701475533e-05,99.83822086741618,0.15453706045785706,7.037978536441938e-09,0.0
59,5158.0,4.1000000000000005,0.182,2,0.018850611049417636,6.433920465428071e-05,99.37129734228166,0.609787698394311,9.069972059850607e-09,0.0
60,5104.0,4.6,0.763,2,0.08673358097488075,0.00037490703257084517,95.89371001278954,4.019181480818511,1.8384515075044383e-08,0.0
61,5152.0,4.7,0.019,2,0.0348395654502819,0.00016196355666704042,98.8037475248318,1.1612509401379674,6.023280225138087e-09,0.0
62,5083.0,6.1,4.2,3,0.9607239862089612,0.007830216324554617,1.698351529200876e-24,99.03144579441043,3.056061792164205e-09,0.0
63,5120.0,6.9,95.2,0,85.63449027041506,14.365449152007837,0.0,1.0487958442828705e-155,6.057757706426909e-05,0.0
64,5139.0,7.3,64.1,0,97.47265514693176,2.5273445720129506,0.0,9.754129208758754e-66,2.8105526850336965e-07,0.0
65,5393.0,7.7,0.01,2,0.2924715224756883,0.005579928538295387,91.7718575805577,7.930090968427949,3.644359741143244e-13,0.0
66,5121.0,7.7,80.1,0,92.95798413473018,7.042015458797627,0.0,3.166273323911803e-108,4.0647222437168767e-07,0.0
67,5397.0,7.7,0.197,2,0.20615090023390595,0.003909975993877285,93.79492774505329,5.995011378718676,2.598206080564141e-13,0.0
68,5140.0,8.1,137.0,1,3.5188635614304657,96.48106741678585,0.0,0.0,6.902178372518398e-05,0.0
69,5150.0,10.0,22.8,0,96.81663871308255,3.1832878534863975,0.0,7.343343106392506e-05,9.906064039495721e-17,0.0
70,5117.0,10.4,4.17,3,8.04451789823693,0.41412597712398985,1.0166150327018016e-21,91.54135612463908,2.6468068231974468e-20,0.0
71,5367.0,10.4,0.651,2,0.726630819746371,0.04146870601615567,92.74493075944315,6.48696971479432,1.598226694059556e-21,0.0
72,5454.2,10.6,0.602,2,0.7319501708576238,0.04517773064867321,93.60470206765181,5.6181700308419,2.5005536954580284e-22,0.0
73,5108.0,10.6,124.0,1,6.906038262267517,93.0939617377225,0.0,6.227763737636826e-282,9.993649321745476e-12,0.0
74,5626.0,11.799999999999999,0.037,2,2.484035600147585,0.24343069453929334,90.75720944617959,6.515324259133545,4.005742593971555e-27,0.0
75,5373.0,12.0,1.43,2,13.832406286131688,1.3927268815987726,46.764689091093786,38.01017774117577,2.9949892731118517e-27,0.0
76,5371.0,12.0,0.017,2,2.9250454211479355,0.3080146711576386,90.3582314524693,6.408708455225151,5.174590976262081e-28,0.0
77,5377.0,13.700000000000001,0.1,2,4.109760494658636,0.76555268172932,93.49041068959856,1.634276134013496,7.040122863831675e-37,0.0
78,5096.0,14.7,44.6,0,83.72185457934907,16.27814542065093,0.0,7.860422522884239e-36,2.005057556627627e-37,0.0
79,5116.0,14.899999999999999,83.4,1,46.14164829319903,53.858351706800974,0.0,1.548777007248522e-130,1.8746752494508152e-34,0.0
80,5381.0,16.2,129.0,1,0.7635099618784318,99.23649003812157,0.0,4.94e-321,1.3726992458233258e-37,0.0
81,5154.0,1.7000000000000002,0.0,2,0.002581431506033081,2.443192713266592e-06,99.96836908601043,0.029047038438425626,8.524072511858449e-10,0.0
82,5149.0,3.6999999999999997,1.05,2,0.25385305074278847,0.0006865998332324088,88.52111649639409,11.22434366698681,1.8604310231210543e-07,0.0
83,5100.0,3.6999999999999997,0.0,2,0.015786041550828665,4.40641277349237e-05,99.56455587878482,0.4196140037919344,1.1744687122320995e-08,0.0
84,5157.0,4.7,5.19,3,0.7670897146295859,0.0030898141890781544,1.7586030942122199e-40,99.2298203338665,1.3731481602889389e-07,0.0
85,5166.8,4.7,0.021,2,0.034725685451899926,0.00016142417923707,98.80651652684331,1.1585963575219036,6.0036409175843966e-09,0.0
86,5137.0,4.9,2.73,3,1.0760473772406378,0.005105367572662713,3.798181934936765e-08,98.91884709448036,1.2272451598276052e-07,0.0
87,5118.0,5.4,10.2,3,2.3990864191465806,0.01223631298552573,3.0471065020499254e-170,97.58867717822042,8.96474871299887e-08,0.0
88,5078.0,5.7,12.7,3,10.047051470219458,0.05671387699309055,3.516058576987819e-267,89.89623448355529,1.6923215445131114e-07,0.0
89,5357.0,6.0,0.049,2,0.08729375730839861,0.000764216926668649,96.7531180509074,3.158823974504527,3.530166740360625e-10,0.0
90,5102.0,7.000000000000001,283.0,1,3.3058306148194434e-14,99.14482162931203,0.0,0.0,0.8551783706879069,0.0
91,5095.0,8.0,132.0,1,6.851023242651657,93.14890707946655,0.0,1.483373703e-314,6.967788180648249e-05,0.0
92,5361.0,9.8,0.057,2,0.8641001244412873,0.03971468354144181,89.4482354310204,9.647949760996855,3.4840316465274343e-19,0.0
93,5405.0,10.6,1.12,2,2.8862831541410934,0.17528938430973326,72.36929878692044,24.569128674628747,1.0474494291036272e-21,0.0
94,5391.0,11.1,17.3,0,94.99408665683,4.9452657520518635,0.0,0.06064759111813734,2.3737454330691933e-21,0.0
95,5369.0,11.3,0.844,2,1.3646170904074346,0.1086861767331831,92.10558317414856,6.4211135587108155,4.8949249634009815e-25,0.0
96,5375.0,11.799999999999999,1.12,2,3.7888535312949605,0.35870794357833025,83.76775860907448,12.084679916052234,7.102999181634869e-27,0.0
97,5148.0,16.900000000000002,62.8,0,61.596924209764424,38.403075790235555,0.0,2.067663946803497e-76,1.228234817958505e-49,0.0
98,5099.0,2.9000000000000004,0.001,2,0.007836073844023283,1.4328267013308867e-05,99.83396164413388,0.1581879461023627,7.652711651388344e-09,0.0
99,5143.0,4.5,9.53,3,1.4793951464998185,0.004902024352753563,7.606532676722045e-149,98.51570243182934,3.973181003999199e-07,0.0
100,5164.3,4.8,0.001,2,0.038895797214088014,0.00019019022845845598,98.65797063562637,1.3029433715043666,5.4267444941117405e-09,0.0
101,5134.0,5.1,0.057,2,0.04471423156570824,0.0002532527475299575,98.36480371653178,1.5902287961093504,3.0456588303023746e-09,0.0
102,5129.0,8.3,38.8,0,98.22314129328467,1.7768587066087664,0.0,1.8989393084432914e-20,1.0657344954082557e-10,0.0
103,5469.9,8.799999999999999,0.814,2,0.6012611653880912,0.01793934406434872,85.31918500574103,14.061614484806526,6.305842663659931e-16,0.0
104,5090.0,12.1,218.0,1,2.9790257035097005e-07,99.99999970206841,0.0,0.0,2.9023288775375795e-11,0.0
105,5385.0,17.1,8.66,0,72.14187697938875,27.845289603586426,6.537368705199465e-107,0.012833417024802138,1.884004014664081e-57,0.0
106,5351.0,5.800000000000001,0.183,2,0.0642812139891922,0.0005094700672431684,97.45371586815207,2.4814934472585297,5.329561348737681e-10,0.0
107,5383.0,8.200000000000001,0.424,2,0.24494543489964643,0.005734754755777818,93.20464084888378,6.5446789614607885,1.4710258340391482e-14,0.0
108,5411.0,8.799999999999999,0.576,2,0.3638135555578004,0.010935226686790492,91.66732329374706,7.95792792400834,3.7414742463541526e-16,0.0
109,5110.0,14.399999999999999,22.4,0,86.93704751969175,13.062952419968127,0.0,6.034012964747076e-08,8.609878104886604e-38,0.0
110,5147.0,14.899999999999999,42.5,0,83.50322130481763,16.496778695182368,0.0,1.1860039820077093e-32,7.618914684012777e-39,0.0
111,5098.0,7.000000000000001,1.22,3,1.2758223264885928,0.017146335884254824,36.26606146823435,62.44096986932014,7.266852501178208e-11,0.0
112,5399.0,8.6,0.638,2,0.3695629367421571,0.010192878349662527,90.62372910163404,8.99651508327415,1.5628844672053284e-15,0.0
113,5395.0,3.2,0.0,2,0.01023841116385181,2.1972692407267826e-05,99.75821796124997,0.2315216449817422,9.912048666896985e-09,0.0
114,5138.0,8.799999999999999,1.27,3,2.4735220084460305,0.07277819693912256,32.617129227094715,64.83657056752013,2.693908033006633e-15,0.0
115,5566.0,4.3,0.003,2,0.025934560783926034,9.857545561370219e-05,99.17406258415853,0.7999042702702814,9.331602917579531e-09,0.0
116,5071.0,0.4,0.0,2,0.0007128620583270486,3.199617115889562e-07,99.99590341135013,0.003383406620208895,9.635001346096838e-12,0.0
117,5072.0,1.3,0.0,2,0.0017532611646049396,1.323787864875193e-06,99.98272754611517,0.01551786866145848,2.708959282105908e-10,0.0
0,5090.2,11.0,208.0,1,4.073665981438033e-06,99.99999591021687,0.0,0.0,1.6117150461806382e-08,0.0
1,5090.5,9.9,229.0,1,4.3140746224446176e-08,99.99994500710827,0.0,0.0,5.494975097247208e-05,0.0
2,5090.8,10.7,365.0,1,1.110327077227915e-27,99.71839042267493,0.0,0.0,0.2816095773250616,0.0
3,5090.85,8.9,0.0,2,0.6161907605659754,0.019664057249308396,88.62412969530466,10.740015486880054,2.9296580720594413e-16,0.0
4,5091.1,11.700000000000001,322.0,1,1.3603309474884385e-20,99.99990095354623,0.0,0.0,9.904645375709806e-05,0.0
5,5091.55,10.299999999999999,263.0,1,4.212331258464751e-12,99.99979843775463,0.0,0.0,0.00020156224117119328,0.0
6,5091.6,6.7,0.0,2,0.15676935814320359,0.0019067588808309062,94.62316002638724,5.218163856553653,3.506230980110979e-11,0.0
7,5091.9,7.3,5.61,3,1.4357351161143246,0.019593315670801335,1.5806388068171541e-46,98.54467156819217,2.2683425729884352e-11,0.0
8,5092.15,12.8,0.0,2,4.406898017482515,0.6124679770627948,90.47142605016127,4.5092079552934035,6.923681245799807e-32,0.0
9,5092.25,13.700000000000001,281.0,1,7.230768586000777e-15,99.99999999999912,0.0,0.0,9.017827845932178e-13,0.0
10,5092.55,9.3,2.97,3,3.773392904123781,0.12984224434257494,3.323166628883356e-09,96.09676484821048,1.1511194136239176e-16,0.0
11,5092.7,8.0,0.671,2,0.30994820355771013,0.006604748019879437,90.05755796688823,9.625889081534114,6.674660386337121e-14,0.0
12,5092.8,15.5,25.8,0,83.06836444395277,16.931635556042117,0.0,5.100930725811347e-12,2.38589325043113e-44,0.0
13,5093.3,9.4,61.8,0,94.73133620687805,5.268663793119703,0.0,5.815253842507716e-63,2.224513351270036e-12,0.0
14,5093.65,15.1,378.0,1,1.5846820097273827e-30,99.99999999995754,0.0,0.0,4.2434207441848665e-11,0.0
15,5099.05,13.0,94.8,1,38.776002072007756,61.22399792799226,0.0,1.6232100062259216e-165,2.2677130411051072e-23,0.0
16,5099.35,10.5,91.6,0,65.6092170445858,34.39078295541408,0.0,2.1425887905661765e-149,1.3315739976985898e-13,0.0
17,5099.55,9.2,0.005,2,0.7208819055339742,0.026038210073484128,88.32770496305301,10.925374921339511,3.62311358297059e-17,0.0
18,5099.65,5.3,34.2,0,99.56031972953548,0.43966809035754795,0.0,8.117295743377182e-13,1.2180106145474367e-05,0.0
19,5100.0,2.7,0.295,2,0.0066479168981728644,1.0817364243408244e-05,99.84794488427949,0.14539637538195477,6.076153252278456e-09,0.0
20,5100.4,3.5999999999999996,0.067,2,0.013399923657730952,3.5429574783793074e-05,99.62817676311295,0.3583878728933691,1.0761164871151936e-08,0.0
21,5100.75,4.3999999999999995,1.17,2,0.6311263869606027,0.0024366481644262014,65.67597619218262,33.690460580297824,1.9239453222948655e-07,0.0
22,5101.05,7.8,276.0,1,2.1304740761474048e-13,99.55246855091355,0.0,0.0,0.4475314490862055,0.0
23,5101.35,4.6,3.2,3,0.9761170981605887,0.0039365718010173035,1.012755778522542e-12,99.01994612100742,2.0902995812670545e-07,0.0
24,5101.4,4.7,0.0,2,0.03599726760299507,0.0001674437602967852,98.77519806510398,1.1886372173097821,6.2229499688033575e-09,0.0
25,5101.65,10.4,24.9,0,96.32994377691264,3.670055379250206,0.0,8.43837160165437e-07,4.397539002692293e-18,0.0
26,5102.4,5.6000000000000005,3.05,3,1.0321862325045434,0.006835529004663883,4.5615114815651095e-11,98.96097822069464,1.7750518326396668e-08,0.0
27,5102.45,6.2,0.601,2,0.11663068878446357,0.0011033043009503513,94.6470919167788,5.23517408991217,2.2363451681510055e-10,0.0
28,5102.7,8.4,27.9,0,98.31658268530865,1.6834172761576771,0.0,3.851547829168847e-08,1.8185915368216746e-11,0.0
29,5102.75,11.4,86.8,0,66.67507296512657,33.324927034873426,0.0,6.212670821374915e-135,3.1170273111541943e-17,0.0
30,5103.0,14.099999999999998,30.67,0,88.00443096445608,11.99556903554395,0.0,1.205042328116911e-15,2.8524563405081883e-35,0.0
31,5103.25,13.4,781.0,4,1.0341634552582448e-156,3.178487470028363e-07,0.0,0.0,99.99999968215123,0.0
32,5103.95,7.3999999999999995,30.67,0,98.88570559223973,1.1142944015837926,0.0,3.1828643398245937e-10,5.858161669018536e-09,0.0
33,5104.0,6.2,0.002,2,0.11049426186523881,0.0010647701504200816,96.01386161077538,3.8745793570012315,2.0775055187554519e-10,0.0
34,5104.25,0.8999999999999999,0.0,2,0.0011812027868720548,7.092131599827531e-07,99.99077928786109,0.008038800068898832,6.998820991605243e-11,0.0
35,5104.45,8.5,4.14,3,2.344682046280012,0.05602615617772824,1.5142193048510133e-22,97.59929179754224,2.5909640075477557e-14,0.0
36,5104.55,10.299999999999999,73.0,0,87.92613445403184,12.073865545968133,0.0,5.936402287540462e-92,2.121275435655942e-14,0.0
37,5104.85,5.8999999999999995,0.0,2,0.08957799914573306,0.0007489352312641925,96.72799751411027,3.181675550992364,5.203720970235726e-10,0.0
38,5105.0,4.1000000000000005,14.5,3,18.220088749976153,0.04550776887033474,0.0,81.73439468610158,8.79505193293904e-06,0.0
1,5090.122,6.729762,0.5074903,2,0.1275713570933861,0.0015484238448677675,94.69867567406946,5.1722045449668235,2.5436639623473767e-11,0.0
2,5090.274,7.030153,0.7769462,2,0.2784283824670682,0.0038446341793520657,87.96993806891933,11.747788914420862,1.3370383949522836e-11,0.0
3,5090.427,7.860001,2.173981,3,2.062189800580348,0.03952620966013316,0.0015598043254463595,97.89672418543293,1.1485524343226613e-12,0.0
4,5090.579,9.241192,9.626589,3,15.255881110657487,0.4359969730211401,9.0765366437954e-146,84.30812191632138,1.3921170852605225e-15,0.0
5,5090.732,10.73151,27.39663,0,95.86581444694623,4.134185550176186,0.0,2.87757056771299e-09,3.2827849779648073e-19,0.0
6,5090.884,12.0414,60.40068,0,87.8976870115833,12.102312988416692,0.0,2.9896833966753276e-63,3.5819391301219926e-22,0.0
7,5091.037,13.00973,102.8384,1,23.796389159127955,76.20361084087205,0.0,7.388789992533424e-196,1.0369998673131449e-22,0.0
8,5091.189,13.658219999999998,142.7595,1,0.2428576887274467,99.75714231127253,0.0,0.0,1.432703106991128e-22,0.0
9,5091.341,14.188410000000001,180.8296,1,0.00040623898357732696,99.99959376101643,0.0,0.0,4.583797592107484e-22,0.0
10,5091.494,14.345160000000002,181.388,1,0.00035088648334475725,99.99964911351663,0.0,0.0,9.316682992645165e-23,0.0
11,5091.646,14.14554,160.1731,1,0.015165987597813775,99.98483401240217,0.0,0.0,1.6541276463094835e-23,0.0
12,5091.798,13.8994,140.998,1,0.2899296378124178,99.71007036218755,0.0,0.0,7.375784497423312e-24,0.0
13,5091.951,13.766639999999999,133.3399,1,0.8365300574269059,99.16346994257313,0.0,0.0,7.886408151505141e-24,0.0
14,5092.104,13.759569999999998,138.9673,1,0.39850191165605886,99.60149808834394,0.0,0.0,2.3897996311718727e-23,0.0
15,5092.256,14.43893,185.4083,1,0.00015925637850744255,99.99984074362149,0.0,0.0,7.042228303977965e-23,0.0
16,5092.408,14.95408,227.0515,1,1.5893392129942585e-08,99.99999998410662,0.0,0.0,6.215774601927275e-22,0.0
17,5092.561,15.116299999999999,244.2334,1,1.94995576404202e-10,99.999999999805,0.0,0.0,2.7393589831702722e-21,0.0
18,5092.713,14.786270000000002,214.5563,1,3.1536206554225325e-07,99.99999968463796,0.0,0.0,3.6687456865606694e-22,0.0
19,5092.865,13.876959999999999,139.2526,1,0.3707696299404987,99.6292303700595,0.0,0.0,6.863993835118487e-24,0.0
20,5093.018,13.15752,81.71623,0,61.57527021452977,38.424729785470205,0.0,6.156554874833526e-122,2.38133951118369e-25,0.0
21,5093.17,12.387030000000001,66.73973,0,82.96141864793783,17.038581352062174,0.0,8.905704775988033e-79,3.772657485311184e-23,0.0
22,5093.323,11.67444,54.19753,0,91.21347163436498,8.786528365635013,0.0,1.3001183033821299e-49,4.107252562652113e-21,0.0
23,5093.475,11.0238,39.02694,0,94.9848824334533,5.015117566546707,0.0,3.90327932322161e-23,1.3669037033892294e-19,0.0
24,5093.627,10.32425,27.58444,0,96.43283536335218,3.5671646328060485,0.0,3.841775118022143e-09,1.2261650793260767e-17,0.0
25,5093.78,10.04479,20.64634,0,96.72185480376704,3.2757936670931906,0.0,0.0023515291397695143,5.192147133703164e-17,0.0
26,5093.932,10.27062,25.67439,0,96.5042371786143,3.4957625953612306,0.0,2.2602446570835706e-07,1.492225101255382e-17,0.0
27,5094.084,10.67084,32.31028,0,95.87610554414042,4.123894455859554,0.0,2.5561277165171195e-14,1.1730934151131796e-18,0.0
28,5094.237,11.21462,40.74709,0,94.50183124407354,5.498168755926476,0.0,8.681585394492388e-26,3.0644046412774935e-20,0.0
29,5094.389,12.17124,82.89461,0,67.0202007476522,32.97979925234783,0.0,7.879690482516692e-124,1.0072015785716923e-20,0.0
30,5094.542,12.925,105.2093,1,20.418936699759556,79.58106330024044,0.0,4.207293288332731e-205,4.045409994414367e-22,0.0
31,5098.961,10.472620000000001,7.586307,3,17.47434296852708,0.8490636499579645,4.164230469617678e-86,81.67659338151496,4.452116299857446e-20,0.0
32,5099.114,12.38621,31.25614,0,92.70228146425976,7.297718535740219,0.0,1.2346863729536791e-14,3.543084289351477e-26,0.0
33,5099.266,12.87759,59.85191,0,84.92041203178917,15.079587968210847,0.0,3.4305789338050466e-63,4.3778570501934645e-26,0.0
34,5099.418,12.07976,49.91981,0,91.15262540627089,8.847374593729116,0.0,6.611577896182768e-42,3.0896918731917425e-23,0.0
35,5099.571,10.42938,22.18308,0,96.25554125327714,3.744346762540994,0.0,0.00011198418187190491,2.3463096180802028e-18,0.0
36,5099.723,8.666841999999999,8.385221,3,6.0466070069564015,0.13988489331679232,2.2348455439557193e-109,93.81350809972679,3.07298460062569e-14,0.0
37,5099.876,7.2935360000000005,2.68349,3,1.5561225285794023,0.022879229640908067,2.063896321237071e-07,98.42099803536854,2.1494292989681204e-11,0.0
38,5100.028,6.308434999999999,1.062752,2,0.6405597909998788,0.006287467509080057,65.74141323082705,33.61173950985517,8.088410412803459e-10,0.0
39,5100.181,5.657630999999999,0.5481095,2,0.0775303149497392,0.0005674994217947019,96.42117863035935,3.5007235542237956,1.0453209357920823e-09,0.0
40,5100.333,5.406599,0.4215625,2,0.05363500603779673,0.00034903496417975065,97.65545924728649,2.29055671013812,1.573452957477568e-09,0.0
41,5100.485,5.7274329999999996,0.5964034,2,0.0902338264808411,0.0006820156430400447,95.75858234453308,4.150501812375975,9.670518557450238e-10,0.0
42,5100.638,6.286601,1.469775,3,1.5331654353968698,0.014716663021175328,6.460058540760192,91.99205935867623,2.145532390947772e-09,0.0
43,5100.79,6.530577999999999,2.214816,3,1.4017210283007961,0.014752019872196756,0.0005324994624102503,98.58299445163516,7.294429403919624e-10,0.0
44,5100.942,6.765865,2.955624,3,1.2838603919503748,0.01474810923058916,6.193021478098798e-10,98.70139149795787,2.418749867059e-10,0.0
45,5101.095,7.170648,3.792252,3,1.3221641417299395,0.017842319802767737,8.575334086276117e-19,98.65999353843064,3.6651053013826425e-11,0.0
46,5101.247,7.794809,3.807661,3,1.678302029033195,0.02986704180855542,1.03673841338429e-18,98.29183092915672,1.5318198353962759e-12,0.0
47,5101.4,8.577983999999999,5.554913,3,2.7340391963297255,0.06508956828912028,1.4803461955264289e-44,97.20087123538113,2.0012243137652528e-14,0.0
48,5101.552,8.926887,6.179051,3,3.785821305355986,0.10268478455282389,3.6052301566187045e-56,96.11149391009118,2.5345397377299553e-15,0.0
49,5101.705,8.760007,6.124021,3,3.3626201599830106,0.08520222050236774,3.2191825253852937e-55,96.55217761951464,7.348430170477231e-15,0.0
50,5101.857,8.240459999999999,5.696034,3,2.2983538890636015,0.04724009564062909,2.0710795238011386e-47,97.65440601529562,1.5723333340809267e-13,0.0
51,5102.009,7.7715309999999995,4.743064,3,1.6621592417899174,0.028565381156795463,1.4341595074922726e-31,98.30927537705143,1.8498729623494957e-12,0.0
52,5102.162,7.563908,6.017359,3,1.699457644687927,0.025820292383188545,4.0677403530196466e-54,98.27472206292221,6.675554553274204e-12,0.0
53,5102.314,8.046305,9.28749,3,5.7852891341671375,0.10087106775083914,9.331105056461867e-137,94.11383979808026,1.7462424453787205e-12,0.0
54,5102.466,8.702534,13.20646,0,55.66069541319825,1.1945058893691793,4.932922523201594e-284,43.14479869743223,3.430120228756293e-13,0.0
55,5102.619,9.235115,16.08657,0,94.9178196061265,2.435627056721772,0.0,2.646553337151723,1.7649859973986898e-14,0.0
56,5102.771,9.559153,19.09361,0,97.20371315731357,2.7527498738035403,0.0,0.04353696888286355,2.1571401815294804e-15,0.0
57,5102.924,9.281349,14.56132,0,86.47264072518004,2.3072230501935937,0.0,11.220136224626353,9.687495187930915e-15,0.0
58,5103.076,8.703294,8.164937,3,5.716974887851232,0.13493827886674514,2.761291656856839e-103,94.148086833282,2.217496217098034e-14,0.0
59,5103.229,7.785393,3.213923,3,1.7386548655682201,0.03131812581570903,3.917776060386221e-12,98.23002700861053,1.6123059127693177e-12,0.0
60,5103.381,6.813973,1.168509,3,1.0599204805438005,0.013106185986682208,45.816348483955345,53.11062484936699,1.471868908936607e-10,0.0
61,5103.533,6.4064,0.7153063,2,0.175937835205713,0.0018268786224620022,91.75588494381512,8.066350342210256,1.4643249287432623e-10,0.0
62,5103.686,7.787623000000001,2.594653,3,1.87353470923279,0.03437327153361543,1.4365960578027466e-06,98.09209058263588,1.6466749235346464e-12,0.0
63,5103.838,9.473248,11.06293,3,34.17864341634363,1.0435306797016568,4.74758859923666e-195,64.7778259039547,6.086306241017635e-16,0.0
64,5103.991,10.35857,23.80725,0,96.37562200398905,3.6243709144961014,0.0,7.0815148441807026e-06,5.430768617998704e-18,0.0
65,5104.143,9.825163,14.59549,0,90.6765735599278,3.0056018316093494,0.0,6.317824608462845,1.4337686923641582e-16,0.0
66,5104.295,7.769302,1.947579,3,2.082885061435476,0.03862286483110249,0.035348164800355804,97.8431439089311,1.9548891173435115e-12,0.0
67,5104.448,6.510959,0.5591885,2,0.12471442701949635,0.0013660376000711053,94.55054554803775,5.323373987276562,6.611899094190398e-11,0.0
68,5104.6,7.049440999999999,0.7299404,2,0.24314620310647242,0.0033918084424036836,89.69900426343999,10.054457725000557,1.0582845968336037e-11,0.0
69,5104.752,8.428036,1.770456,3,2.788087045920983,0.06907901541674555,0.395730387654484,96.74710355100775,4.1464127425259833e-14,0.0
70,5104.905,9.604529000000001,3.701526,3,4.4943074180899,0.17138336533204104,1.6184594958688012e-16,95.33430921657806,1.3163735007673871e-17,0.0
71,5105.057,9.451191,3.51261,3,4.068793682351416,0.14662402903997918,1.6868477557145653e-14,95.78458228860859,3.9992437029554765e-17,0.0
72,5105.21,8.269113,2.279827,3,2.3903339600628004,0.05451930969687206,0.0003861427711818491,97.55476058746903,1.0511730155430449e-13,0.0
73,5105.362,7.9848349999999995,2.591657,3,2.0257676592959006,0.04050779240431271,1.713813359552561e-06,97.93372283448588,5.457283309991695e-13,0.0
74,5105.515,8.257902,3.881605,3,2.0716194104276413,0.04496270788114712,2.172674912953989e-19,97.88341788169109,1.1038392160321e-13,0.0
